game_id,game_date,season,home_team_id,visitor_team_id,game_status,home_team_name,visitor_team_name,home_team_abbreviation,visitor_team_abbreviation,home_team_score,visitor_team_score
12500005,2025-10-15,2025,1610612747,1610612742,0,Los Angeles Lakers,Dallas Mavericks,LAL,DAL,,
12500022,2025-10-15,2025,1610612758,1610612746,0,Sacramento Kings,LA Clippers,SAC,LAC,,
12500061,2025-10-15,2025,1610612766,1610612763,0,Charlotte Hornets,Memphis Grizzlies,CHA,MEM,,
12500062,2025-10-15,2025,1610612738,1610612761,0,Boston Celtics,Toronto Raptors,BOS,TOR,,
0012500005,2025-10-15,2025,1610612747,1610612742,0,Los Angeles Lakers,Dallas Mavericks,LAL,DAL,,
0012500022,2025-10-15,2025,1610612758,1610612746,0,Sacramento Kings,LA Clippers,SAC,LAC,,
0012500061,2025-10-15,2025,1610612766,1610612763,0,Charlotte Hornets,Memphis Grizzlies,CHA,MEM,,
0012500062,2025-10-15,2025,1610612738,1610612761,0,Boston Celtics,Toronto Raptors,BOS,TOR,,
12500023,2025-10-16,2025,1610612753,1610612740,0,Orlando Magic,New Orleans Pelicans,ORL,NOP,,
12500024,2025-10-16,2025,1610612737,1610612745,0,Atlanta Hawks,Houston Rockets,ATL,HOU,,
12500025,2025-10-16,2025,1610612762,1610612757,0,Utah Jazz,Portland Trail Blazers,UTA,POR,,
12500063,2025-10-16,2025,1610612765,1610612764,0,Detroit Pistons,Washington Wizards,DET,WAS,,
12500064,2025-10-16,2025,1610612741,1610612750,0,Chicago Bulls,Minnesota Timberwolves,CHI,MIN,,
0012500023,2025-10-16,2025,1610612753,1610612740,0,Orlando Magic,New Orleans Pelicans,ORL,NOP,,
0012500024,2025-10-16,2025,1610612737,1610612745,0,Atlanta Hawks,Houston Rockets,ATL,HOU,,
0012500025,2025-10-16,2025,1610612762,1610612757,0,Utah Jazz,Portland Trail Blazers,UTA,POR,,
0012500063,2025-10-16,2025,1610612765,1610612764,0,Detroit Pistons,Washington Wizards,DET,WAS,,
0012500064,2025-10-16,2025,1610612741,1610612750,0,Chicago Bulls,Minnesota Timberwolves,CHI,MIN,,
12500006,2025-10-17,2025,1610612748,1610612763,0,Miami Heat,Memphis Grizzlies,MIA,MEM,,
12500007,2025-10-17,2025,1610612747,1610612758,0,Los Angeles Lakers,Sacramento Kings,LAL,SAC,,
12500065,2025-10-17,2025,1610612761,1610612751,0,Toronto Raptors,Brooklyn Nets,TOR,BKN,,
12500066,2025-10-17,2025,1610612752,1610612766,0,New York Knicks,Charlotte Hornets,NYK,CHA,,
12500067,2025-10-17,2025,1610612760,1610612743,0,Oklahoma City Thunder,Denver Nuggets,OKC,DEN,,
12500068,2025-10-17,2025,1610612759,1610612754,0,San Antonio Spurs,Indiana Pacers,SAS,IND,,
12500069,2025-10-17,2025,1610612744,1610612746,0,Golden State Warriors,LA Clippers,GSW,LAC,,
12500071,2025-10-17,2025,1610612755,1610612750,0,Philadelphia 76ers,Minnesota Timberwolves,PHI,MIN,,
0012500006,2025-10-17,2025,1610612748,1610612763,0,Miami Heat,Memphis Grizzlies,MIA,MEM,,
0012500007,2025-10-17,2025,1610612747,1610612758,0,Los Angeles Lakers,Sacramento Kings,LAL,SAC,,
0012500065,2025-10-17,2025,1610612761,1610612751,0,Toronto Raptors,Brooklyn Nets,TOR,BKN,,
0012500066,2025-10-17,2025,1610612752,1610612766,0,New York Knicks,Charlotte Hornets,NYK,CHA,,
0012500067,2025-10-17,2025,1610612760,1610612743,0,Oklahoma City Thunder,Denver Nuggets,OKC,DEN,,
0012500068,2025-10-17,2025,1610612759,1610612754,0,San Antonio Spurs,Indiana Pacers,SAS,IND,,
0012500069,2025-10-17,2025,1610612744,1610612746,0,Golden State Warriors,LA Clippers,GSW,LAC,,
0012500071,2025-10-17,2025,1610612755,1610612750,0,Philadelphia 76ers,Minnesota Timberwolves,PHI,MIN,,
22500001,2025-10-21,2025,1610612760,1610612745,0,Oklahoma City Thunder,Houston Rockets,OKC,HOU,,
22500002,2025-10-21,2025,1610612747,1610612744,0,Los Angeles Lakers,Golden State Warriors,LAL,GSW,,
0022500001,2025-10-21,2025,1610612760,1610612745,0,Oklahoma City Thunder,Houston Rockets,OKC,HOU,,
0022500002,2025-10-21,2025,1610612747,1610612744,0,Los Angeles Lakers,Golden State Warriors,LAL,GSW,,
22500003,2025-10-22,2025,1610612752,1610612739,0,New York Knicks,Cleveland Cavaliers,NYK,CLE,,
22500004,2025-10-22,2025,1610612742,1610612759,0,Dallas Mavericks,San Antonio Spurs,DAL,SAS,,
22500080,2025-10-22,2025,1610612766,1610612751,0,Charlotte Hornets,Brooklyn Nets,CHA,BKN,,
22500081,2025-10-22,2025,1610612753,1610612748,0,Orlando Magic,Miami Heat,ORL,MIA,,
22500082,2025-10-22,2025,1610612737,1610612761,0,Atlanta Hawks,Toronto Raptors,ATL,TOR,,
22500083,2025-10-22,2025,1610612738,1610612755,0,Boston Celtics,Philadelphia 76ers,BOS,PHI,,
22500084,2025-10-22,2025,1610612741,1610612765,0,Chicago Bulls,Detroit Pistons,CHI,DET,,
22500085,2025-10-22,2025,1610612763,1610612740,0,Memphis Grizzlies,New Orleans Pelicans,MEM,NOP,,
22500086,2025-10-22,2025,1610612749,1610612764,0,Milwaukee Bucks,Washington Wizards,MIL,WAS,,
22500087,2025-10-22,2025,1610612762,1610612746,0,Utah Jazz,LA Clippers,UTA,LAC,,
22500088,2025-10-22,2025,1610612756,1610612758,0,Phoenix Suns,Sacramento Kings,PHX,SAC,,
22500089,2025-10-22,2025,1610612757,1610612750,0,Portland Trail Blazers,Minnesota Timberwolves,POR,MIN,,
0022500003,2025-10-22,2025,1610612752,1610612739,0,New York Knicks,Cleveland Cavaliers,NYK,CLE,,
0022500004,2025-10-22,2025,1610612742,1610612759,0,Dallas Mavericks,San Antonio Spurs,DAL,SAS,,
0022500080,2025-10-22,2025,1610612766,1610612751,0,Charlotte Hornets,Brooklyn Nets,CHA,BKN,,
0022500081,2025-10-22,2025,1610612753,1610612748,0,Orlando Magic,Miami Heat,ORL,MIA,,
0022500082,2025-10-22,2025,1610612737,1610612761,0,Atlanta Hawks,Toronto Raptors,ATL,TOR,,
0022500083,2025-10-22,2025,1610612738,1610612755,0,Boston Celtics,Philadelphia 76ers,BOS,PHI,,
0022500084,2025-10-22,2025,1610612741,1610612765,0,Chicago Bulls,Detroit Pistons,CHI,DET,,
0022500085,2025-10-22,2025,1610612763,1610612740,0,Memphis Grizzlies,New Orleans Pelicans,MEM,NOP,,
0022500086,2025-10-22,2025,1610612749,1610612764,0,Milwaukee Bucks,Washington Wizards,MIL,WAS,,
0022500087,2025-10-22,2025,1610612762,1610612746,0,Utah Jazz,LA Clippers,UTA,LAC,,
0022500088,2025-10-22,2025,1610612756,1610612758,0,Phoenix Suns,Sacramento Kings,PHX,SAC,,
0022500089,2025-10-22,2025,1610612757,1610612750,0,Portland Trail Blazers,Minnesota Timberwolves,POR,MIN,,
22500005,2025-10-23,2025,1610612754,1610612760,0,Indiana Pacers,Oklahoma City Thunder,IND,OKC,,
22500006,2025-10-23,2025,1610612744,1610612743,0,Golden State Warriors,Denver Nuggets,GSW,DEN,,
0022500005,2025-10-23,2025,1610612754,1610612760,0,Indiana Pacers,Oklahoma City Thunder,IND,OKC,,
0022500006,2025-10-23,2025,1610612744,1610612743,0,Golden State Warriors,Denver Nuggets,GSW,DEN,,
22500018,2025-10-24,2025,1610612752,1610612738,0,New York Knicks,Boston Celtics,NYK,BOS,,
22500019,2025-10-24,2025,1610612747,1610612750,0,Los Angeles Lakers,Minnesota Timberwolves,LAL,MIN,,
22500090,2025-10-24,2025,1610612753,1610612737,0,Orlando Magic,Atlanta Hawks,ORL,ATL,,
22500091,2025-10-24,2025,1610612751,1610612739,0,Brooklyn Nets,Cleveland Cavaliers,BKN,CLE,,
22500092,2025-10-24,2025,1610612761,1610612749,0,Toronto Raptors,Milwaukee Bucks,TOR,MIL,,
22500093,2025-10-24,2025,1610612745,1610612765,0,Houston Rockets,Detroit Pistons,HOU,DET,,
22500094,2025-10-24,2025,1610612763,1610612748,0,Memphis Grizzlies,Miami Heat,MEM,MIA,,
22500095,2025-10-24,2025,1610612740,1610612759,0,New Orleans Pelicans,San Antonio Spurs,NOP,SAS,,
22500096,2025-10-24,2025,1610612742,1610612764,0,Dallas Mavericks,Washington Wizards,DAL,WAS,,
22500097,2025-10-24,2025,1610612757,1610612744,0,Portland Trail Blazers,Golden State Warriors,POR,GSW,,
22500098,2025-10-24,2025,1610612758,1610612762,0,Sacramento Kings,Utah Jazz,SAC,UTA,,
22500099,2025-10-24,2025,1610612746,1610612756,0,LA Clippers,Phoenix Suns,LAC,PHX,,
0022500018,2025-10-24,2025,1610612752,1610612738,0,New York Knicks,Boston Celtics,NYK,BOS,,
0022500019,2025-10-24,2025,1610612747,1610612750,0,Los Angeles Lakers,Minnesota Timberwolves,LAL,MIN,,
0022500090,2025-10-24,2025,1610612753,1610612737,0,Orlando Magic,Atlanta Hawks,ORL,ATL,,
0022500091,2025-10-24,2025,1610612751,1610612739,0,Brooklyn Nets,Cleveland Cavaliers,BKN,CLE,,
0022500092,2025-10-24,2025,1610612761,1610612749,0,Toronto Raptors,Milwaukee Bucks,TOR,MIL,,
0022500093,2025-10-24,2025,1610612745,1610612765,0,Houston Rockets,Detroit Pistons,HOU,DET,,
0022500094,2025-10-24,2025,1610612763,1610612748,0,Memphis Grizzlies,Miami Heat,MEM,MIA,,
0022500095,2025-10-24,2025,1610612740,1610612759,0,New Orleans Pelicans,San Antonio Spurs,NOP,SAS,,
0022500096,2025-10-24,2025,1610612742,1610612764,0,Dallas Mavericks,Washington Wizards,DAL,WAS,,
0022500097,2025-10-24,2025,1610612757,1610612744,0,Portland Trail Blazers,Golden State Warriors,POR,GSW,,
0022500098,2025-10-24,2025,1610612758,1610612762,0,Sacramento Kings,Utah Jazz,SAC,UTA,,
0022500099,2025-10-24,2025,1610612746,1610612756,0,LA Clippers,Phoenix Suns,LAC,PHX,,
22500100,2025-10-25,2025,1610612753,1610612741,0,Orlando Magic,Chicago Bulls,ORL,CHI,,
22500101,2025-10-25,2025,1610612737,1610612760,0,Atlanta Hawks,Oklahoma City Thunder,ATL,OKC,,
22500102,2025-10-25,2025,1610612755,1610612766,0,Philadelphia 76ers,Charlotte Hornets,PHI,CHA,,
22500103,2025-10-25,2025,1610612763,1610612754,0,Memphis Grizzlies,Indiana Pacers,MEM,IND,,
22500104,2025-10-25,2025,1610612743,1610612756,0,Denver Nuggets,Phoenix Suns,DEN,PHX,,
0022500100,2025-10-25,2025,1610612753,1610612741,0,Orlando Magic,Chicago Bulls,ORL,CHI,,
0022500101,2025-10-25,2025,1610612737,1610612760,0,Atlanta Hawks,Oklahoma City Thunder,ATL,OKC,,
0022500102,2025-10-25,2025,1610612755,1610612766,0,Philadelphia 76ers,Charlotte Hornets,PHI,CHA,,
0022500103,2025-10-25,2025,1610612763,1610612754,0,Memphis Grizzlies,Indiana Pacers,MEM,IND,,
0022500104,2025-10-25,2025,1610612743,1610612756,0,Denver Nuggets,Phoenix Suns,DEN,PHX,,
22500105,2025-10-26,2025,1610612759,1610612751,0,San Antonio Spurs,Brooklyn Nets,SAS,BKN,,
22500106,2025-10-26,2025,1610612765,1610612738,0,Detroit Pistons,Boston Celtics,DET,BOS,,
22500107,2025-10-26,2025,1610612739,1610612749,0,Cleveland Cavaliers,Milwaukee Bucks,CLE,MIL,,
22500108,2025-10-26,2025,1610612748,1610612752,0,Miami Heat,New York Knicks,MIA,NYK,,
22500109,2025-10-26,2025,1610612764,1610612766,0,Washington Wizards,Charlotte Hornets,WAS,CHA,,
22500110,2025-10-26,2025,1610612750,1610612754,0,Minnesota Timberwolves,Indiana Pacers,MIN,IND,,
22500111,2025-10-26,2025,1610612742,1610612761,0,Dallas Mavericks,Toronto Raptors,DAL,TOR,,
22500112,2025-10-26,2025,1610612746,1610612757,0,LA Clippers,Portland Trail Blazers,LAC,POR,,
22500113,2025-10-26,2025,1610612758,1610612747,0,Sacramento Kings,Los Angeles Lakers,SAC,LAL,,
0022500105,2025-10-26,2025,1610612759,1610612751,0,San Antonio Spurs,Brooklyn Nets,SAS,BKN,,
0022500106,2025-10-26,2025,1610612765,1610612738,0,Detroit Pistons,Boston Celtics,DET,BOS,,
0022500107,2025-10-26,2025,1610612739,1610612749,0,Cleveland Cavaliers,Milwaukee Bucks,CLE,MIL,,
0022500108,2025-10-26,2025,1610612748,1610612752,0,Miami Heat,New York Knicks,MIA,NYK,,
0022500109,2025-10-26,2025,1610612764,1610612766,0,Washington Wizards,Charlotte Hornets,WAS,CHA,,
0022500110,2025-10-26,2025,1610612750,1610612754,0,Minnesota Timberwolves,Indiana Pacers,MIN,IND,,
0022500111,2025-10-26,2025,1610612742,1610612761,0,Dallas Mavericks,Toronto Raptors,DAL,TOR,,
0022500112,2025-10-26,2025,1610612746,1610612757,0,LA Clippers,Portland Trail Blazers,LAC,POR,,
0022500113,2025-10-26,2025,1610612758,1610612747,0,Sacramento Kings,Los Angeles Lakers,SAC,LAL,,
22500007,2025-10-27,2025,1610612765,1610612739,0,Detroit Pistons,Cleveland Cavaliers,DET,CLE,,
22500008,2025-10-27,2025,1610612750,1610612743,0,Minnesota Timberwolves,Denver Nuggets,MIN,DEN,,
22500114,2025-10-27,2025,1610612755,1610612753,0,Philadelphia 76ers,Orlando Magic,PHI,ORL,,
22500115,2025-10-27,2025,1610612741,1610612737,0,Chicago Bulls,Atlanta Hawks,CHI,ATL,,
22500116,2025-10-27,2025,1610612745,1610612751,0,Houston Rockets,Brooklyn Nets,HOU,BKN,,
22500117,2025-10-27,2025,1610612740,1610612738,0,New Orleans Pelicans,Boston Celtics,NOP,BOS,,
22500118,2025-10-27,2025,1610612759,1610612761,0,San Antonio Spurs,Toronto Raptors,SAS,TOR,,
22500119,2025-10-27,2025,1610612742,1610612760,0,Dallas Mavericks,Oklahoma City Thunder,DAL,OKC,,
22500120,2025-10-27,2025,1610612762,1610612756,0,Utah Jazz,Phoenix Suns,UTA,PHX,,
22500121,2025-10-27,2025,1610612744,1610612763,0,Golden State Warriors,Memphis Grizzlies,GSW,MEM,,
22500122,2025-10-27,2025,1610612747,1610612757,0,Los Angeles Lakers,Portland Trail Blazers,LAL,POR,,
0022500007,2025-10-27,2025,1610612765,1610612739,0,Detroit Pistons,Cleveland Cavaliers,DET,CLE,,
0022500008,2025-10-27,2025,1610612750,1610612743,0,Minnesota Timberwolves,Denver Nuggets,MIN,DEN,,
0022500114,2025-10-27,2025,1610612755,1610612753,0,Philadelphia 76ers,Orlando Magic,PHI,ORL,,
0022500115,2025-10-27,2025,1610612741,1610612737,0,Chicago Bulls,Atlanta Hawks,CHI,ATL,,
0022500116,2025-10-27,2025,1610612745,1610612751,0,Houston Rockets,Brooklyn Nets,HOU,BKN,,
0022500117,2025-10-27,2025,1610612740,1610612738,0,New Orleans Pelicans,Boston Celtics,NOP,BOS,,
0022500118,2025-10-27,2025,1610612759,1610612761,0,San Antonio Spurs,Toronto Raptors,SAS,TOR,,
0022500119,2025-10-27,2025,1610612742,1610612760,0,Dallas Mavericks,Oklahoma City Thunder,DAL,OKC,,
0022500120,2025-10-27,2025,1610612762,1610612756,0,Utah Jazz,Phoenix Suns,UTA,PHX,,
0022500121,2025-10-27,2025,1610612744,1610612763,0,Golden State Warriors,Memphis Grizzlies,GSW,MEM,,
0022500122,2025-10-27,2025,1610612747,1610612757,0,Los Angeles Lakers,Portland Trail Blazers,LAL,POR,,
22500123,2025-10-28,2025,1610612764,1610612755,0,Washington Wizards,Philadelphia 76ers,WAS,PHI,,
22500124,2025-10-28,2025,1610612748,1610612766,0,Miami Heat,Charlotte Hornets,MIA,CHA,,
22500125,2025-10-28,2025,1610612749,1610612752,0,Milwaukee Bucks,New York Knicks,MIL,NYK,,
22500126,2025-10-28,2025,1610612760,1610612758,0,Oklahoma City Thunder,Sacramento Kings,OKC,SAC,,
22500127,2025-10-28,2025,1610612744,1610612746,0,Golden State Warriors,LA Clippers,GSW,LAC,,
0022500123,2025-10-28,2025,1610612764,1610612755,0,Washington Wizards,Philadelphia 76ers,WAS,PHI,,
0022500124,2025-10-28,2025,1610612748,1610612766,0,Miami Heat,Charlotte Hornets,MIA,CHA,,
0022500125,2025-10-28,2025,1610612749,1610612752,0,Milwaukee Bucks,New York Knicks,MIL,NYK,,
0022500126,2025-10-28,2025,1610612760,1610612758,0,Oklahoma City Thunder,Sacramento Kings,OKC,SAC,,
0022500127,2025-10-28,2025,1610612744,1610612746,0,Golden State Warriors,LA Clippers,GSW,LAC,,
22500128,2025-10-29,2025,1610612738,1610612739,0,Boston Celtics,Cleveland Cavaliers,BOS,CLE,,
22500129,2025-10-29,2025,1610612765,1610612753,0,Detroit Pistons,Orlando Magic,DET,ORL,,
22500130,2025-10-29,2025,1610612751,1610612737,0,Brooklyn Nets,Atlanta Hawks,BKN,ATL,,
22500131,2025-10-29,2025,1610612761,1610612745,0,Toronto Raptors,Houston Rockets,TOR,HOU,,
22500132,2025-10-29,2025,1610612741,1610612758,0,Chicago Bulls,Sacramento Kings,CHI,SAC,,
22500133,2025-10-29,2025,1610612742,1610612754,0,Dallas Mavericks,Indiana Pacers,DAL,IND,,
22500134,2025-10-29,2025,1610612743,1610612740,0,Denver Nuggets,New Orleans Pelicans,DEN,NOP,,
22500135,2025-10-29,2025,1610612762,1610612757,0,Utah Jazz,Portland Trail Blazers,UTA,POR,,
22500136,2025-10-29,2025,1610612750,1610612747,0,Minnesota Timberwolves,Los Angeles Lakers,MIN,LAL,,
22500137,2025-10-29,2025,1610612756,1610612763,0,Phoenix Suns,Memphis Grizzlies,PHX,MEM,,
0022500128,2025-10-29,2025,1610612738,1610612739,0,Boston Celtics,Cleveland Cavaliers,BOS,CLE,,
0022500129,2025-10-29,2025,1610612765,1610612753,0,Detroit Pistons,Orlando Magic,DET,ORL,,
0022500130,2025-10-29,2025,1610612751,1610612737,0,Brooklyn Nets,Atlanta Hawks,BKN,ATL,,
0022500131,2025-10-29,2025,1610612761,1610612745,0,Toronto Raptors,Houston Rockets,TOR,HOU,,
0022500132,2025-10-29,2025,1610612741,1610612758,0,Chicago Bulls,Sacramento Kings,CHI,SAC,,
0022500133,2025-10-29,2025,1610612742,1610612754,0,Dallas Mavericks,Indiana Pacers,DAL,IND,,
0022500134,2025-10-29,2025,1610612743,1610612740,0,Denver Nuggets,New Orleans Pelicans,DEN,NOP,,
0022500135,2025-10-29,2025,1610612762,1610612757,0,Utah Jazz,Portland Trail Blazers,UTA,POR,,
0022500136,2025-10-29,2025,1610612750,1610612747,0,Minnesota Timberwolves,Los Angeles Lakers,MIN,LAL,,
0022500137,2025-10-29,2025,1610612756,1610612763,0,Phoenix Suns,Memphis Grizzlies,PHX,MEM,,
22500138,2025-10-30,2025,1610612766,1610612753,0,Charlotte Hornets,Orlando Magic,CHA,ORL,,
22500139,2025-10-30,2025,1610612749,1610612744,0,Milwaukee Bucks,Golden State Warriors,MIL,GSW,,
22500140,2025-10-30,2025,1610612760,1610612764,0,Oklahoma City Thunder,Washington Wizards,OKC,WAS,,
22500141,2025-10-30,2025,1610612759,1610612748,0,San Antonio Spurs,Miami Heat,SAS,MIA,,
0022500138,2025-10-30,2025,1610612766,1610612753,0,Charlotte Hornets,Orlando Magic,CHA,ORL,,
0022500139,2025-10-30,2025,1610612749,1610612744,0,Milwaukee Bucks,Golden State Warriors,MIL,GSW,,
0022500140,2025-10-30,2025,1610612760,1610612764,0,Oklahoma City Thunder,Washington Wizards,OKC,WAS,,
0022500141,2025-10-30,2025,1610612759,1610612748,0,San Antonio Spurs,Miami Heat,SAS,MIA,,
22500020,2025-10-31,2025,1610612754,1610612737,0,Indiana Pacers,Atlanta Hawks,IND,ATL,,
22500021,2025-10-31,2025,1610612755,1610612738,0,Philadelphia 76ers,Boston Celtics,PHI,BOS,,
22500022,2025-10-31,2025,1610612739,1610612761,0,Cleveland Cavaliers,Toronto Raptors,CLE,TOR,,
22500023,2025-10-31,2025,1610612741,1610612752,0,Chicago Bulls,New York Knicks,CHI,NYK,,
22500024,2025-10-31,2025,1610612763,1610612747,0,Memphis Grizzlies,Los Angeles Lakers,MEM,LAL,,
22500025,2025-10-31,2025,1610612756,1610612762,0,Phoenix Suns,Utah Jazz,PHX,UTA,,
22500026,2025-10-31,2025,1610612757,1610612743,0,Portland Trail Blazers,Denver Nuggets,POR,DEN,,
22500027,2025-10-31,2025,1610612746,1610612740,0,LA Clippers,New Orleans Pelicans,LAC,NOP,,
0022500020,2025-10-31,2025,1610612754,1610612737,0,Indiana Pacers,Atlanta Hawks,IND,ATL,,
0022500021,2025-10-31,2025,1610612755,1610612738,0,Philadelphia 76ers,Boston Celtics,PHI,BOS,,
0022500022,2025-10-31,2025,1610612739,1610612761,0,Cleveland Cavaliers,Toronto Raptors,CLE,TOR,,
0022500023,2025-10-31,2025,1610612741,1610612752,0,Chicago Bulls,New York Knicks,CHI,NYK,,
0022500024,2025-10-31,2025,1610612763,1610612747,0,Memphis Grizzlies,Los Angeles Lakers,MEM,LAL,,
0022500025,2025-10-31,2025,1610612756,1610612762,0,Phoenix Suns,Utah Jazz,PHX,UTA,,
0022500026,2025-10-31,2025,1610612757,1610612743,0,Portland Trail Blazers,Denver Nuggets,POR,DEN,,
0022500027,2025-10-31,2025,1610612746,1610612740,0,LA Clippers,New Orleans Pelicans,LAC,NOP,,
22500142,2025-11-01,2025,1610612749,1610612758,0,Milwaukee Bucks,Sacramento Kings,MIL,SAC,,
22500143,2025-11-01,2025,1610612766,1610612750,0,Charlotte Hornets,Minnesota Timberwolves,CHA,MIN,,
22500144,2025-11-01,2025,1610612754,1610612744,0,Indiana Pacers,Golden State Warriors,IND,GSW,,
22500145,2025-11-01,2025,1610612764,1610612753,0,Washington Wizards,Orlando Magic,WAS,ORL,,
22500146,2025-11-01,2025,1610612738,1610612745,0,Boston Celtics,Houston Rockets,BOS,HOU,,
22500147,2025-11-01,2025,1610612765,1610612742,0,Detroit Pistons,Dallas Mavericks,DET,DAL,,
0022500142,2025-11-01,2025,1610612749,1610612758,0,Milwaukee Bucks,Sacramento Kings,MIL,SAC,,
0022500143,2025-11-01,2025,1610612766,1610612750,0,Charlotte Hornets,Minnesota Timberwolves,CHA,MIN,,
0022500144,2025-11-01,2025,1610612754,1610612744,0,Indiana Pacers,Golden State Warriors,IND,GSW,,
0022500145,2025-11-01,2025,1610612764,1610612753,0,Washington Wizards,Orlando Magic,WAS,ORL,,
0022500146,2025-11-01,2025,1610612738,1610612745,0,Boston Celtics,Houston Rockets,BOS,HOU,,
0022500147,2025-11-01,2025,1610612765,1610612742,0,Detroit Pistons,Dallas Mavericks,DET,DAL,,
22500148,2025-11-02,2025,1610612760,1610612740,0,Oklahoma City Thunder,New Orleans Pelicans,OKC,NOP,,
22500149,2025-11-02,2025,1610612751,1610612755,0,Brooklyn Nets,Philadelphia 76ers,BKN,PHI,,
22500150,2025-11-02,2025,1610612766,1610612762,0,Charlotte Hornets,Utah Jazz,CHA,UTA,,
22500151,2025-11-02,2025,1610612739,1610612737,0,Cleveland Cavaliers,Atlanta Hawks,CLE,ATL,,
22500152,2025-11-02,2025,1610612761,1610612763,0,Toronto Raptors,Memphis Grizzlies,TOR,MEM,,
22500153,2025-11-02,2025,1610612752,1610612741,0,New York Knicks,Chicago Bulls,NYK,CHI,,
22500154,2025-11-02,2025,1610612756,1610612759,0,Phoenix Suns,San Antonio Spurs,PHX,SAS,,
22500155,2025-11-02,2025,1610612747,1610612748,0,Los Angeles Lakers,Miami Heat,LAL,MIA,,
0022500148,2025-11-02,2025,1610612760,1610612740,0,Oklahoma City Thunder,New Orleans Pelicans,OKC,NOP,,
0022500149,2025-11-02,2025,1610612751,1610612755,0,Brooklyn Nets,Philadelphia 76ers,BKN,PHI,,
0022500150,2025-11-02,2025,1610612766,1610612762,0,Charlotte Hornets,Utah Jazz,CHA,UTA,,
0022500151,2025-11-02,2025,1610612739,1610612737,0,Cleveland Cavaliers,Atlanta Hawks,CLE,ATL,,
0022500152,2025-11-02,2025,1610612761,1610612763,0,Toronto Raptors,Memphis Grizzlies,TOR,MEM,,
0022500153,2025-11-02,2025,1610612752,1610612741,0,New York Knicks,Chicago Bulls,NYK,CHI,,
0022500154,2025-11-02,2025,1610612756,1610612759,0,Phoenix Suns,San Antonio Spurs,PHX,SAS,,
0022500155,2025-11-02,2025,1610612747,1610612748,0,Los Angeles Lakers,Miami Heat,LAL,MIA,,
22500156,2025-11-03,2025,1610612751,1610612750,0,Brooklyn Nets,Minnesota Timberwolves,BKN,MIN,,
22500157,2025-11-03,2025,1610612754,1610612749,0,Indiana Pacers,Milwaukee Bucks,IND,MIL,,
22500158,2025-11-03,2025,1610612738,1610612762,0,Boston Celtics,Utah Jazz,BOS,UTA,,
22500159,2025-11-03,2025,1610612752,1610612764,0,New York Knicks,Washington Wizards,NYK,WAS,,
22500160,2025-11-03,2025,1610612745,1610612742,0,Houston Rockets,Dallas Mavericks,HOU,DAL,,
22500161,2025-11-03,2025,1610612763,1610612765,0,Memphis Grizzlies,Detroit Pistons,MEM,DET,,
22500162,2025-11-03,2025,1610612743,1610612758,0,Denver Nuggets,Sacramento Kings,DEN,SAC,,
22500163,2025-11-03,2025,1610612757,1610612747,0,Portland Trail Blazers,Los Angeles Lakers,POR,LAL,,
22500164,2025-11-03,2025,1610612746,1610612748,0,LA Clippers,Miami Heat,LAC,MIA,,
0022500156,2025-11-03,2025,1610612751,1610612750,0,Brooklyn Nets,Minnesota Timberwolves,BKN,MIN,,
0022500157,2025-11-03,2025,1610612754,1610612749,0,Indiana Pacers,Milwaukee Bucks,IND,MIL,,
0022500158,2025-11-03,2025,1610612738,1610612762,0,Boston Celtics,Utah Jazz,BOS,UTA,,
0022500159,2025-11-03,2025,1610612752,1610612764,0,New York Knicks,Washington Wizards,NYK,WAS,,
0022500160,2025-11-03,2025,1610612745,1610612742,0,Houston Rockets,Dallas Mavericks,HOU,DAL,,
0022500161,2025-11-03,2025,1610612763,1610612765,0,Memphis Grizzlies,Detroit Pistons,MEM,DET,,
0022500162,2025-11-03,2025,1610612743,1610612758,0,Denver Nuggets,Sacramento Kings,DEN,SAC,,
0022500163,2025-11-03,2025,1610612757,1610612747,0,Portland Trail Blazers,Los Angeles Lakers,POR,LAL,,
0022500164,2025-11-03,2025,1610612746,1610612748,0,LA Clippers,Miami Heat,LAC,MIA,,
22500165,2025-11-04,2025,1610612761,1610612749,0,Toronto Raptors,Milwaukee Bucks,TOR,MIL,,
22500166,2025-11-04,2025,1610612737,1610612753,0,Atlanta Hawks,Orlando Magic,ATL,ORL,,
22500167,2025-11-04,2025,1610612741,1610612755,0,Chicago Bulls,Philadelphia 76ers,CHI,PHI,,
22500168,2025-11-04,2025,1610612740,1610612766,0,New Orleans Pelicans,Charlotte Hornets,NOP,CHA,,
22500169,2025-11-04,2025,1610612744,1610612756,0,Golden State Warriors,Phoenix Suns,GSW,PHX,,
22500170,2025-11-04,2025,1610612746,1610612760,0,LA Clippers,Oklahoma City Thunder,LAC,OKC,,
0022500165,2025-11-04,2025,1610612761,1610612749,0,Toronto Raptors,Milwaukee Bucks,TOR,MIL,,
0022500166,2025-11-04,2025,1610612737,1610612753,0,Atlanta Hawks,Orlando Magic,ATL,ORL,,
0022500167,2025-11-04,2025,1610612741,1610612755,0,Chicago Bulls,Philadelphia 76ers,CHI,PHI,,
0022500168,2025-11-04,2025,1610612740,1610612766,0,New Orleans Pelicans,Charlotte Hornets,NOP,CHA,,
0022500169,2025-11-04,2025,1610612744,1610612756,0,Golden State Warriors,Phoenix Suns,GSW,PHX,,
0022500170,2025-11-04,2025,1610612746,1610612760,0,LA Clippers,Oklahoma City Thunder,LAC,OKC,,
22500171,2025-11-05,2025,1610612739,1610612755,0,Cleveland Cavaliers,Philadelphia 76ers,CLE,PHI,,
22500172,2025-11-05,2025,1610612765,1610612762,0,Detroit Pistons,Utah Jazz,DET,UTA,,
22500173,2025-11-05,2025,1610612754,1610612751,0,Indiana Pacers,Brooklyn Nets,IND,BKN,,
22500174,2025-11-05,2025,1610612738,1610612764,0,Boston Celtics,Washington Wizards,BOS,WAS,,
22500175,2025-11-05,2025,1610612752,1610612750,0,New York Knicks,Minnesota Timberwolves,NYK,MIN,,
22500176,2025-11-05,2025,1610612763,1610612745,0,Memphis Grizzlies,Houston Rockets,MEM,HOU,,
22500177,2025-11-05,2025,1610612742,1610612740,0,Dallas Mavericks,New Orleans Pelicans,DAL,NOP,,
22500178,2025-11-05,2025,1610612743,1610612748,0,Denver Nuggets,Miami Heat,DEN,MIA,,
22500179,2025-11-05,2025,1610612747,1610612759,0,Los Angeles Lakers,San Antonio Spurs,LAL,SAS,,
22500180,2025-11-05,2025,1610612757,1610612760,0,Portland Trail Blazers,Oklahoma City Thunder,POR,OKC,,
22500181,2025-11-05,2025,1610612758,1610612744,0,Sacramento Kings,Golden State Warriors,SAC,GSW,,
0022500171,2025-11-05,2025,1610612739,1610612755,0,Cleveland Cavaliers,Philadelphia 76ers,CLE,PHI,,
0022500172,2025-11-05,2025,1610612765,1610612762,0,Detroit Pistons,Utah Jazz,DET,UTA,,
0022500173,2025-11-05,2025,1610612754,1610612751,0,Indiana Pacers,Brooklyn Nets,IND,BKN,,
0022500174,2025-11-05,2025,1610612738,1610612764,0,Boston Celtics,Washington Wizards,BOS,WAS,,
0022500175,2025-11-05,2025,1610612752,1610612750,0,New York Knicks,Minnesota Timberwolves,NYK,MIN,,
0022500176,2025-11-05,2025,1610612763,1610612745,0,Memphis Grizzlies,Houston Rockets,MEM,HOU,,
0022500177,2025-11-05,2025,1610612742,1610612740,0,Dallas Mavericks,New Orleans Pelicans,DAL,NOP,,
0022500178,2025-11-05,2025,1610612743,1610612748,0,Denver Nuggets,Miami Heat,DEN,MIA,,
0022500179,2025-11-05,2025,1610612747,1610612759,0,Los Angeles Lakers,San Antonio Spurs,LAL,SAS,,
0022500180,2025-11-05,2025,1610612757,1610612760,0,Portland Trail Blazers,Oklahoma City Thunder,POR,OKC,,
0022500181,2025-11-05,2025,1610612758,1610612744,0,Sacramento Kings,Golden State Warriors,SAC,GSW,,
22500182,2025-11-06,2025,1610612756,1610612746,0,Phoenix Suns,LA Clippers,PHX,LAC,,
0022500182,2025-11-06,2025,1610612756,1610612746,0,Phoenix Suns,LA Clippers,PHX,LAC,,
22500028,2025-11-07,2025,1610612753,1610612738,0,Orlando Magic,Boston Celtics,ORL,BOS,,
22500029,2025-11-07,2025,1610612764,1610612739,0,Washington Wizards,Cleveland Cavaliers,WAS,CLE,,
22500030,2025-11-07,2025,1610612737,1610612761,0,Atlanta Hawks,Toronto Raptors,ATL,TOR,,
22500031,2025-11-07,2025,1610612751,1610612765,0,Brooklyn Nets,Detroit Pistons,BKN,DET,,
22500032,2025-11-07,2025,1610612759,1610612745,0,San Antonio Spurs,Houston Rockets,SAS,HOU,,
22500033,2025-11-07,2025,1610612748,1610612766,0,Miami Heat,Charlotte Hornets,MIA,CHA,,
22500034,2025-11-07,2025,1610612763,1610612742,0,Memphis Grizzlies,Dallas Mavericks,MEM,DAL,,
22500035,2025-11-07,2025,1610612749,1610612741,0,Milwaukee Bucks,Chicago Bulls,MIL,CHI,,
22500036,2025-11-07,2025,1610612750,1610612762,0,Minnesota Timberwolves,Utah Jazz,MIN,UTA,,
22500037,2025-11-07,2025,1610612743,1610612744,0,Denver Nuggets,Golden State Warriors,DEN,GSW,,
22500038,2025-11-07,2025,1610612758,1610612760,0,Sacramento Kings,Oklahoma City Thunder,SAC,OKC,,
0022500028,2025-11-07,2025,1610612753,1610612738,0,Orlando Magic,Boston Celtics,ORL,BOS,,
0022500029,2025-11-07,2025,1610612764,1610612739,0,Washington Wizards,Cleveland Cavaliers,WAS,CLE,,
0022500030,2025-11-07,2025,1610612737,1610612761,0,Atlanta Hawks,Toronto Raptors,ATL,TOR,,
0022500031,2025-11-07,2025,1610612751,1610612765,0,Brooklyn Nets,Detroit Pistons,BKN,DET,,
0022500032,2025-11-07,2025,1610612759,1610612745,0,San Antonio Spurs,Houston Rockets,SAS,HOU,,
0022500033,2025-11-07,2025,1610612748,1610612766,0,Miami Heat,Charlotte Hornets,MIA,CHA,,
0022500034,2025-11-07,2025,1610612763,1610612742,0,Memphis Grizzlies,Dallas Mavericks,MEM,DAL,,
0022500035,2025-11-07,2025,1610612749,1610612741,0,Milwaukee Bucks,Chicago Bulls,MIL,CHI,,
0022500036,2025-11-07,2025,1610612750,1610612762,0,Minnesota Timberwolves,Utah Jazz,MIN,UTA,,
0022500037,2025-11-07,2025,1610612743,1610612744,0,Denver Nuggets,Golden State Warriors,DEN,GSW,,
0022500038,2025-11-07,2025,1610612758,1610612760,0,Sacramento Kings,Oklahoma City Thunder,SAC,OKC,,
22500183,2025-11-08,2025,1610612764,1610612742,0,Washington Wizards,Dallas Mavericks,WAS,DAL,,
22500184,2025-11-08,2025,1610612755,1610612761,0,Philadelphia 76ers,Toronto Raptors,PHI,TOR,,
22500185,2025-11-08,2025,1610612737,1610612747,0,Atlanta Hawks,Los Angeles Lakers,ATL,LAL,,
22500186,2025-11-08,2025,1610612739,1610612741,0,Cleveland Cavaliers,Chicago Bulls,CLE,CHI,,
22500187,2025-11-08,2025,1610612748,1610612757,0,Miami Heat,Portland Trail Blazers,MIA,POR,,
22500188,2025-11-08,2025,1610612759,1610612740,0,San Antonio Spurs,New Orleans Pelicans,SAS,NOP,,
22500189,2025-11-08,2025,1610612743,1610612754,0,Denver Nuggets,Indiana Pacers,DEN,IND,,
22500190,2025-11-08,2025,1610612746,1610612756,0,LA Clippers,Phoenix Suns,LAC,PHX,,
0022500183,2025-11-08,2025,1610612764,1610612742,0,Washington Wizards,Dallas Mavericks,WAS,DAL,,
0022500184,2025-11-08,2025,1610612755,1610612761,0,Philadelphia 76ers,Toronto Raptors,PHI,TOR,,
0022500185,2025-11-08,2025,1610612737,1610612747,0,Atlanta Hawks,Los Angeles Lakers,ATL,LAL,,
0022500186,2025-11-08,2025,1610612739,1610612741,0,Cleveland Cavaliers,Chicago Bulls,CLE,CHI,,
0022500187,2025-11-08,2025,1610612748,1610612757,0,Miami Heat,Portland Trail Blazers,MIA,POR,,
0022500188,2025-11-08,2025,1610612759,1610612740,0,San Antonio Spurs,New Orleans Pelicans,SAS,NOP,,
0022500189,2025-11-08,2025,1610612743,1610612754,0,Denver Nuggets,Indiana Pacers,DEN,IND,,
0022500190,2025-11-08,2025,1610612746,1610612756,0,LA Clippers,Phoenix Suns,LAC,PHX,,
22500191,2025-11-09,2025,1610612749,1610612745,0,Milwaukee Bucks,Houston Rockets,MIL,HOU,,
22500192,2025-11-09,2025,1610612752,1610612751,0,New York Knicks,Brooklyn Nets,NYK,BKN,,
22500193,2025-11-09,2025,1610612753,1610612738,0,Orlando Magic,Boston Celtics,ORL,BOS,,
22500194,2025-11-09,2025,1610612763,1610612760,0,Memphis Grizzlies,Oklahoma City Thunder,MEM,OKC,,
22500195,2025-11-09,2025,1610612755,1610612765,0,Philadelphia 76ers,Detroit Pistons,PHI,DET,,
22500196,2025-11-09,2025,1610612744,1610612754,0,Golden State Warriors,Indiana Pacers,GSW,IND,,
22500197,2025-11-09,2025,1610612758,1610612750,0,Sacramento Kings,Minnesota Timberwolves,SAC,MIN,,
0022500191,2025-11-09,2025,1610612749,1610612745,0,Milwaukee Bucks,Houston Rockets,MIL,HOU,,
0022500192,2025-11-09,2025,1610612752,1610612751,0,New York Knicks,Brooklyn Nets,NYK,BKN,,
0022500193,2025-11-09,2025,1610612753,1610612738,0,Orlando Magic,Boston Celtics,ORL,BOS,,
0022500194,2025-11-09,2025,1610612763,1610612760,0,Memphis Grizzlies,Oklahoma City Thunder,MEM,OKC,,
0022500195,2025-11-09,2025,1610612755,1610612765,0,Philadelphia 76ers,Detroit Pistons,PHI,DET,,
0022500196,2025-11-09,2025,1610612744,1610612754,0,Golden State Warriors,Indiana Pacers,GSW,IND,,
0022500197,2025-11-09,2025,1610612758,1610612750,0,Sacramento Kings,Minnesota Timberwolves,SAC,MIN,,
22500198,2025-11-10,2025,1610612766,1610612747,0,Charlotte Hornets,Los Angeles Lakers,CHA,LAL,,
22500199,2025-11-10,2025,1610612765,1610612764,0,Detroit Pistons,Washington Wizards,DET,WAS,,
22500200,2025-11-10,2025,1610612753,1610612757,0,Orlando Magic,Portland Trail Blazers,ORL,POR,,
22500201,2025-11-10,2025,1610612748,1610612739,0,Miami Heat,Cleveland Cavaliers,MIA,CLE,,
22500202,2025-11-10,2025,1610612741,1610612759,0,Chicago Bulls,San Antonio Spurs,CHI,SAS,,
22500203,2025-11-10,2025,1610612742,1610612749,0,Dallas Mavericks,Milwaukee Bucks,DAL,MIL,,
22500204,2025-11-10,2025,1610612756,1610612740,0,Phoenix Suns,New Orleans Pelicans,PHX,NOP,,
22500205,2025-11-10,2025,1610612762,1610612750,0,Utah Jazz,Minnesota Timberwolves,UTA,MIN,,
22500206,2025-11-10,2025,1610612746,1610612737,0,LA Clippers,Atlanta Hawks,LAC,ATL,,
0022500198,2025-11-10,2025,1610612766,1610612747,0,Charlotte Hornets,Los Angeles Lakers,CHA,LAL,,
0022500199,2025-11-10,2025,1610612765,1610612764,0,Detroit Pistons,Washington Wizards,DET,WAS,,
0022500200,2025-11-10,2025,1610612753,1610612757,0,Orlando Magic,Portland Trail Blazers,ORL,POR,,
0022500201,2025-11-10,2025,1610612748,1610612739,0,Miami Heat,Cleveland Cavaliers,MIA,CLE,,
0022500202,2025-11-10,2025,1610612741,1610612759,0,Chicago Bulls,San Antonio Spurs,CHI,SAS,,
0022500203,2025-11-10,2025,1610612742,1610612749,0,Dallas Mavericks,Milwaukee Bucks,DAL,MIL,,
0022500204,2025-11-10,2025,1610612756,1610612740,0,Phoenix Suns,New Orleans Pelicans,PHX,NOP,,
0022500205,2025-11-10,2025,1610612762,1610612750,0,Utah Jazz,Minnesota Timberwolves,UTA,MIN,,
0022500206,2025-11-10,2025,1610612746,1610612737,0,LA Clippers,Atlanta Hawks,LAC,ATL,,
22500207,2025-11-11,2025,1610612751,1610612761,0,Brooklyn Nets,Toronto Raptors,BKN,TOR,,
22500208,2025-11-11,2025,1610612752,1610612763,0,New York Knicks,Memphis Grizzlies,NYK,MEM,,
22500209,2025-11-11,2025,1610612755,1610612738,0,Philadelphia 76ers,Boston Celtics,PHI,BOS,,
22500210,2025-11-11,2025,1610612760,1610612744,0,Oklahoma City Thunder,Golden State Warriors,OKC,GSW,,
22500211,2025-11-11,2025,1610612762,1610612754,0,Utah Jazz,Indiana Pacers,UTA,IND,,
22500212,2025-11-11,2025,1610612758,1610612743,0,Sacramento Kings,Denver Nuggets,SAC,DEN,,
0022500207,2025-11-11,2025,1610612751,1610612761,0,Brooklyn Nets,Toronto Raptors,BKN,TOR,,
0022500208,2025-11-11,2025,1610612752,1610612763,0,New York Knicks,Memphis Grizzlies,NYK,MEM,,
0022500209,2025-11-11,2025,1610612755,1610612738,0,Philadelphia 76ers,Boston Celtics,PHI,BOS,,
0022500210,2025-11-11,2025,1610612760,1610612744,0,Oklahoma City Thunder,Golden State Warriors,OKC,GSW,,
0022500211,2025-11-11,2025,1610612762,1610612754,0,Utah Jazz,Indiana Pacers,UTA,IND,,
0022500212,2025-11-11,2025,1610612758,1610612743,0,Sacramento Kings,Denver Nuggets,SAC,DEN,,
